{
    "input_path": "/teamspace/studios/this_studio/.paddlex/temp/tmp3snx0n5y.png",
    "dt_polys": [
        [
            [
                307,
                430
            ],
            [
                348,
                437
            ],
            [
                340,
                485
            ],
            [
                299,
                479
            ]
        ],
        [
            [
                252,
                481
            ],
            [
                342,
                496
            ],
            [
                336,
                528
            ],
            [
                247,
                513
            ]
        ]
    ],
    "dt_scores": [
        0.8116878735077778,
        0.7170970421344001
    ],
    "rec_text": [
        "湘",
        "IORON"
    ],
    "rec_score": [
        0.4465123116970062,
        0.8798529505729675
    ]
}