{
    "input_path": "/teamspace/studios/this_studio/.paddlex/temp/tmpp5s7whlo.png",
    "dt_polys": [
        [
            [
                100,
                36
            ],
            [
                191,
                38
            ],
            [
                191,
                55
            ],
            [
                99,
                53
            ]
        ],
        [
            [
                36,
                54
            ],
            [
                75,
                52
            ],
            [
                76,
                70
            ],
            [
                38,
                73
            ]
        ],
        [
            [
                102,
                60
            ],
            [
                345,
                60
            ],
            [
                345,
                75
            ],
            [
                102,
                75
            ]
        ],
        [
            [
                102,
                74
            ],
            [
                265,
                74
            ],
            [
                265,
                88
            ],
            [
                102,
                88
            ]
        ],
        [
            [
                31,
                110
            ],
            [
                84,
                110
            ],
            [
                84,
                127
            ],
            [
                31,
                127
            ]
        ],
        [
            [
                20,
                140
            ],
            [
                115,
                141
            ],
            [
                115,
                156
            ],
            [
                20,
                154
            ]
        ]
    ],
    "dt_scores": [
        0.7368177585231878,
        0.7604621655613375,
        0.7441906464082881,
        0.7763327448632005,
        0.8121522296317069,
        0.8103753872232088
    ],
    "rec_text": [
        "Low matchrate",
        "LOW",
        "An initial low match rate is normal. For a quick boost,",
        "begin by adding missing hard skills.",
        "New Scan",
        "Match Rate History ^"
    ],
    "rec_score": [
        0.9316002130508423,
        0.9870796799659729,
        0.9809778928756714,
        0.9736171364784241,
        0.9727380275726318,
        0.9770804643630981
    ]
}