{
    "input_path": "/teamspace/studios/this_studio/.paddlex/temp/tmp6k4nw0mc.png",
    "dt_polys": [
        [
            [
                406,
                145
            ],
            [
                632,
                147
            ],
            [
                632,
                172
            ],
            [
                406,
                170
            ]
        ],
        [
            [
                356,
                180
            ],
            [
                682,
                180
            ],
            [
                682,
                194
            ],
            [
                356,
                194
            ]
        ],
        [
            [
                503,
                205
            ],
            [
                534,
                205
            ],
            [
                534,
                225
            ],
            [
                503,
                225
            ]
        ],
        [
            [
                461,
                247
            ],
            [
                534,
                247
            ],
            [
                534,
                266
            ],
            [
                461,
                266
            ]
        ],
        [
            [
                582,
                249
            ],
            [
                596,
                249
            ],
            [
                596,
                265
            ],
            [
                582,
                265
            ]
        ],
        [
            [
                9,
                338
            ],
            [
                326,
                338
            ],
            [
                326,
                353
            ],
            [
                9,
                353
            ]
        ]
    ],
    "dt_scores": [
        0.7847817396968523,
        0.695127842684269,
        0.8982366385308411,
        0.8103721513090875,
        0.8655245954385091,
        0.6637135508087857
    ],
    "rec_text": [
        "Drop, Upload or Paste image",
        "Supported formats:JPG, PNG, GIF, JFIF (JPEG), HEIC,",
        "PDF",
        "↑Browse",
        "?",
        "*Your privacy is protected! No data is transmitted or stored."
    ],
    "rec_score": [
        0.9928319454193115,
        0.9274703860282898,
        0.9995537400245667,
        0.9677333831787109,
        0.32878920435905457,
        0.9620991349220276
    ]
}